resumen_limpio;resumen_gold
Boluarte zegarra sostuvo una reunión el jueves con el jefe del banco central de reserva del perú bcrp julio velarde flores en palacio de gobierno el objetivo del encuentro fue el seguir articulando acciones orientadas a fortalecer el crecimiento de la economía peruana informó la presidencia de la república la estrecha coordinación entre el poder ejecutivo y el ente emisor resulta fundamental para asegurar la sostenibilidad del desempeño económico del perú dado que ambas instituciones son responsables de la conducción de las políticas económicas y monetarias del país anotó lea también velarde probablemente el que gane elecciones no tenga claras las ideas que va a aplicar jefe del banco central de reserva del perú bcrp julio velarde flores foto presidencia qué hicieron boluarte y velarde durante el encuentro en la reunión ambas autoridades analizaron los indicadores económicos actuales que posicionan al perú como un país favorable y dialogaron sobre las expectativas del futuro que son muy esperanzadoras bcr foto gec asimismo destacaron la estabilidad monetaria que caracteriza al país así como los niveles de inflación registrados a nivel nacional ubicándose entre los más bajos de américa latina esta favorable coyuntura permite a las familias peruanas afrontar con mayor tranquilidad los gastos de la canasta básica contribuyendo a preservar su capacidad adquisitiva y bienestar económico indicó el documento lea también un atropello al bcr y al sentido común del mismo modo tanto la jefa de estado como e titular del banco central coincidieron en que el actual contexto representa una oportunidad propicia para promover la inversión privada tanto local como extranjera la reunión también contó con la presencia del jefe eduardo arana ysa boluarte zegarra recibió hoy en palacio de gobierno al jefe del banco central de reserva del perú bcrp julio velarde flores foto presidencia te puede interesar créditos hipotecarios muestran mayor dinamismo según el bcrp por qué optimismo sobre el crecimiento de la economía a meses se acorta informa el bcrp bcrp alerta sobre videos fraudulentos que usan imagen de julio velarde bcrp ajusta proyección de la economía hay riesgos por las próximas elecciones;"La presidenta Dina Boluarte y el jefe del Banco Central de Reserva del Perú (BCRP), Julio Velarde, se reunieron en Palacio de Gobierno para coordinar acciones que fortalezcan el crecimiento económico del Perú. Ambos destacaron la importancia de la articulación entre el Ejecutivo y el BCRP para garantizar la sostenibilidad de las políticas económicas y monetarias.

Durante el encuentro, analizaron los indicadores económicos actuales, que ubican al Perú en una posición favorable en la región, con baja inflación y estabilidad monetaria, lo que beneficia el poder adquisitivo de las familias. Además, coincidieron en que este contexto es ideal para impulsar la inversión privada, tanto local como extranjera.

La reunión también contó con la presencia del jefe del Gabinete, Eduardo Arana. Ambos líderes expresaron optimismo sobre el futuro económico del país, aunque Velarde ha advertido previamente sobre posibles riesgos debido a las próximas elecciones.

Puntos clave:

Reunión entre Boluarte y Velarde para fortalecer la economía peruana.
Perú mantiene estabilidad monetaria e inflación baja en la región.
Oportunidad para promover inversión privada.
Preocupación por posibles riesgos económicos en el contexto electoral."
Clorinda flores actualizado el a la imposición de un arancel de de los estados unidos ee uu a las exportaciones peruanas ha generado una serie de reacciones tanto en el ejecutivo como en el sector privado la pregunta es cuánto es el perjuicio de esta medida reacciones en principio el embajador del perú en los ee uu alfredo ferrero anunció que el perú presentó una nota diplomática al departamento de estado para solicitar una explicación amistosa en rpp ferrero manifestó que el anuncio del presidente trump no implica una medida contra el perú en particular ni contra nuestro tratado de libre comercio tlc ni contra nuestros productos es una medida general que pretende reindustrializar a los estados unidos reducir el déficit comercial y traer más negocios para ellos puedo anunciar que el día de hoy ayer hemos presentado una nota diplomática al departamento de estado para pedir unas explicaciones amistosamente en el sentido de que nos precisen por qué aplican el de arancel para algunos productos peruanos que en realidad no tienen impacto en la economía americana y eventualmente podrían afectarnos a nosotros explicó acciones en ese sentido el ministerio de comercio exterior y de turismo mincetur informó que ha trabajado de forma articulada con los ministerios de desarrollo agrario y riego midagri economía y finanzas mef producción produce y relaciones exteriores rr ee para evaluar el impacto de las medidas anunciadas por el presidente donald trump el último miércoles en un comunicado el mincetur señaló que se está contactando a las autoridades encargadas del comercio en los ee uu para articular las acciones requeridas que salvaguarden las operaciones de las empresas peruanas que exportan a ese mercado y mitiguen los impactos que estas medidas podrían implicar el mincetur seguirá trabajando de la mano con para brindar la certeza y herramientas necesarias a los exportadores peruanos que les permitan seguir posicionando la oferta peruana en el mundo agregó competitividad por el lado del sector privado el director del centro de investigación de economía y negocios de la asociación de exportadores cien adex edgar vásquez recordó que el tlc firmado en con ee uu permitió que el de los productos peruanos ingresaran sin aranceles a estados unidos sin embargo ahora estos productos deberán pagar un arancel del comentó quien también fue titular del mincetur refirió que si bien el cambio en los aranceles afectará al país la agroindustria peruana seguirá siendo competitiva el perú ha sido reconocido como un jugador global importante y eficiente en sectores como las frutas hortalizas y otros productos agrícolas como los arándanos los espárragos o cítricos manifestó vásquez explicó que a pesar del nuevo arancel es poco probable que los productores estadounidenses puedan igualar la eficiencia peruana de otro lado el gremio exportador expresó su preocupación por las pequeñas y medianas empresas que podrían verse afectadas por lo cual espera que el gobierno implemente medidas que disminuya el impacto en tanto la extitular del mincetur mercedes araoz opinó que la imposición de un arancel de a los envíos peruanos representaría un shock para sectores como el agroexportador que gozaba de aranceles de pero no sería tan severo como los aplicados a otros países que pagarán una tasa de hasta algunos productores peruanos podrían verse afectados mínimamente porque somos más eficientes en la producción en el caso del sector agroexportador por ejemplo pocos competidores pueden igualar nuestras capacidades refirió aráoz a rpp incertidumbre por su parte el gerente de políticas públicas del instituto peruano de economía ipe víctor fuentes manifestó a correo que la medida de la administración trump ha generado una gran incertidumbre se desconoce si la nueva tasa de arancel será permanente o temporal o si habrá oportunidad de negociar tal como lo hicieron canadá y méxico y lograron que se postergara la aplicación de los aranceles a sus exportaciones manifestó en ese sentido el economista señaló que la medida del gobierno norteamericano provocará una mayor inflación en ese país lo que marcaría un nuevo recorte de de la reserva federal fed para evitar que la economía estadounidense se caliente más de la cuenta indicó que la aplicación de tasas arancelarias diversas favorece a ciertos países como los de américa del sur pero desfavorece a otros como los asiáticos que están siendo castigados con aranceles más altos a bangladesh se le aplicará y a china copiar enlace;"Estados Unidos impuso un arancel del 10% a algunas exportaciones peruanas, lo que generó preocupación en el gobierno y el sector privado. Aunque la medida no es específica contra Perú, sino parte de una política comercial más amplia de EE. UU., podría afectar a productos agroindustriales como arándanos, espárragos y cítricos.

El Perú presentó una nota diplomática solicitando explicaciones y evaluando el impacto. El sector exportador cree que, pese al arancel, seguirá siendo competitivo, pero las PYMEs podrían verse más afectadas. Además, hay incertidumbre sobre si el impuesto será temporal o permanente.

Impacto clave:

Posible reducción en la competitividad de algunos productos peruanos en EE. UU.

Preocupación por pequeños exportadores.

El gobierno y gremios buscan mitigar los efectos.
"
Agencia afp actualizado a escucha la noticia escucha esta noticia para estar siempre informado entendido probar ahora lee el resumen y entérate de lo más importante en segundos entendido probar ahora resumen de la noticia por ia trump amenaza a brasil con carta con aranceles del porque no ha sido bueno con ee uu resumen generado por inteligencia artificial la ia puede cometer errores u omisiones encontraste un error registrarme el presidente estadounidense donald trump anunció este miércoles aranceles del a los productos brasileños a partir del de agosto debido en parte a la forma en la que el mandatario luiz inácio lula da silva trata a su predecesor jair bolsonaro la forma en la que brasil ha tratado al expresidente bolsonaro es una verg enza internacional este juicio no debería estar ocurriendo es una cacería de brujas que debe terminar inmediatamente escribió trump en una carta dirigida a lula se refiere al procesamiento judicial contra el expresidente ultraderechista por intento de golpe de estado recíbelo en la misiva publicada en la red social truth social explicó que debido en parte a los ataques insidiosos de brasil a las elecciones libres y a los derechos fundamentales de la libertad de expresión de los estadounidenses cobraremos a brasil un arancel del sobre todos y cada uno de los productos brasileños enviados a estados unidos fotografía de archivo del expresidente de brasil jair bolsonaro foto efe cristóbal herrera nuevo capítulo de los aranceles hace unos días el presidente republicano hizo una advertencia a los brics un bloque formado por economías emergentes incluidas brasil rusia india china y sudáfrica a cualquier país que se alinee con las políticas antiestadounidenses de los brics se le cobrará un arancel adicional del no habrá excepciones a esta política afirmó trump el domingo la relación de trump con lula contrasta con la que mantuvo durante su primer mandato con el expresidente brasileño jair bolsonaro juzgado por intento de golpe de estado de hecho este miércoles el gobierno de brasil citó al representante de negocios de estados unidos para protestar contra el apoyo mostrado por la embajada estadounidense a bolsonaro las tarifas aduaneras anunciadas este miércoles a los siete países son muy similares a las presentadas por el gobierno estadounidense a principios de abril donald trump y jair bolsonaro concretamente los productos de argelia pagarán tarifas aduaneras del sin cambios al igual que los de libia irak y sri lanka mientras que los de moldavia y brunéi serán gravados al y respectivamente en cuanto a los productos filipinos el recargo será del catorce países ya conocían el monto del recargo dispuesto para ellos desde japón corea del sur y túnez hasta laos y birmania o para camboya y tailandia donald trump declaró el martes que tiene previsto enviar más cartas en particular a la unión europea ue la cual según dijo recibirá el correo probablemente en dos días es decir miércoles o jueves trump impuso en abril un arancel generalizado del a los productos de casi todos sus socios comerciales y tarifas aduaneras más altas a decenas de países estas últimas se suspendieron hasta el de julio fecha aplazada este lunes por el presidente republicano hasta el de agosto;"Donald Trump anunció aranceles del 50% a productos brasileños desde el 1 de agosto, criticando al presidente Lula da Silva por el trato judicial a su antecesor, Jair Bolsonaro, a quien llamó ""víctima de una cacería de brujas"". Trump acusó a Brasil de atacar ""elecciones libres"" y la libertad de expresión, justificando los aranceles.

Puntos clave:
Razón del arancel: Trump considera injusto el juicio contra Bolsonaro (acusado de intento de golpe de Estado) y critica las políticas de Lula hacia EE.UU.

Advertencia a los BRICS: Anunció que impondrá 50% de aranceles a países alineados con políticas ""antiestadounidenses"" (como Brasil, Rusia, China, India y Sudáfrica).

Reacción de Brasil: El gobierno brasileño protestó ante EE.UU. por el apoyo de su embajada a Bolsonaro.

Otros países afectados:

50%: Argelia, Libia, Irak, Sri Lanka.

20%: Moldavia.

10%: Brunéi.

25%: Filipinas.

Próximos objetivos: Trump planea enviar una carta similar a la Unión Europea (UE) en los próximos días.

Contexto adicional:
En abril, Trump ya había impuesto aranceles generalizados (60%) a varios socios comerciales, posponiendo algunas medidas hasta agosto.

La relación de Trump con Lula es tensa, en contraste con su cercanía con Bolsonaro durante su mandato."
Clorinda flores actualizado el a las visitas de altos funcionarios de petroperú al ministerio de economía y finanzas mef buscan que la caja fiscal se haga cargo de la situación financiera crítica por la que pasa la estatal señaló a correo el ex presidente de esta empresa estatal césar gutiérrez explicó que la deuda de petroperú supera los millones de los cuales mil millones son a los bonistas quienes le dieron liquidez mil millones al banco de la nación bn fue al comentar la información de el comercio sobre las dos visitas y de junio que hicieron funcionarios de petroperú al titular del mef raúl pérez reyes a la sede institucional del jirón lampa gutiérrez precisó que petroperú busca garantía de millones para tomar más endeudamiento del bn también para la renovación de millones de la deuda que tiene al bn y la renovación de millones de deuda al fisco hoy ayer la empresa publicó sus estados financieros del la suma de los gastos de ventas así como los gastos administrativos y operativos además de la carga financiera a diciembre supera sus ingresos indicó ingresos en ese sentido gutiérrez explicó que en base a los estados financieros publicados por la petrolera se concluye que la suma de gastos tanto de ventas como administrativas y operativos es de millones al año además la carga financiera a diciembre pago a bonistas crédito sindicado crédito del bn línea de crédito para cartas de crédito línea de crédito para gastos de importación y préstamo para servicio de deuda es de millones es decir petroperú necesita millones al año pero si la refinería de talara opera a un factor de planta del y el margen de refinación neto es por barril tendrá millones quiere decir que tiene un déficit de caja de millones ministro a su vez raúl pérez reyes en conferencia de prensa en palacio de gobierno dijo que se evalúa un proceso de reestructuración de petroperú que implicará reducir personal para que petroperú sea más eficiente estamos viendo la posibilidad de hacer una reestructuración financiera no salvataje que permita a la empresa afrontar mejor los flujos de pagos que tiene mientras va desarrollando su capacidad productiva y mejorando su capacidad y esfuerzo de ventas no se trabaja bajo el escenario de que se dará más recursos a petroperú afirmó en cuando josé arista se desempeñaba como ministro de economía salió una norma que apuntó a una reestructuración de la empresa cuyo directorio se renovó teniendo como presidente a oliver stark a quien finalmente el gobierno le quitó el respaldo para dar paso a personas muy allegadas a la presidencia de la república copiar enlace;"Situación crítica de Petroperú
La estatal Petroperú enfrenta una deuda total de más de $7,000 millones, distribuida en:

$2,000 millones a bonistas.

$1,500 millones al Banco de la Nación (BN).

$1,000 millones al fisco.

Necesita garantías estatales por $1,500 millones para:

Refinanciar su deuda con el BN.

Obtener nuevo financiamiento.

Problemas financieros
Gastos superan ingresos:

Gastos operativos y administrativos: $1,500 millones anuales.

Carga financiera (intereses y deuda): $1,000 millones anuales.

Total necesario al año: $2,500 millones.

Ingresos insuficientes:

Si opera al 60% de capacidad, generaría $1,500 millones, dejando un déficit de $1,000 millones.

Posible reestructuración
El ministro de Economía, Raúl Pérez-Reyes, confirmó que se evalúa una reestructuración financiera (no un salvataje), que incluiría:

Reducción de personal para mejorar eficiencia.

No más recursos públicos directos, sino ajustes para manejar su flujo de pagos.

Anteriormente, bajo el exministro José Arista, se intentó una reestructuración, pero el directorio fue renovado con Oliver Stark, luego reemplazado por figuras cercanas al gobierno.

Conclusión
Petroperú busca apoyo del MEF para evitar el colapso financiero, pero el gobierno insiste en una reforma interna en lugar de inyectar más fondos públicos."
Redacción ec actualizado a a través de un comunicado la asociación automotriz del perú aap expresó su absoluto rechazo a los bloqueos de carreteras perpetrados en los últimos días por grupos vinculados a la minería ilegal en las regiones de arequipa ica cusco y la libertad en ese sentido exhortó al gobierno de dina boluarte tomar acciones inmediatas para restablecer el orden de las vías así como hacer respertar el principio de autoridad la entidad precisa que estas medidas afectan al menos siete tramos críticos de la red vial nacional incluyendo el km en ocoña arequipa el km en nasca ica y vías en chumbivilcas cusco y quiruvilca la libertad newsletter buenos días carlos salas abusada desglosa con rigor las noticias clave del día de lunes a viernes recíbelo estos bloqueos vulneran el derecho constitucional a la libre circulación paralizan el transporte de carga alimentos combustibles y productos agrícolas e implican pérdidas superiores a millones diarios según la cámara internacional de la industria del transporte precisa la aap también interrumpen el tránsito de miles de ciudadanos y agravan la situación de productores comerciantes y trabajadores de sectores clave para la economía la app indicó que lo más preocupante es que estos bloqueos impiden el paso de servicios de ayuda a la ciudadanía como ambulancias bomberos y unidades de emergencia poniendo en riesgo vidas humanas afectando al orden público y la seguridad es inadmisible minería ilegal afecta pbi el ministro señaló este miércoles de julio que la minería ilegal representa alrededor del país posterior a la sesión del consejo de ministros el ministro explicó que se busca asegurar la trazabilidad del mineral exportado para ello se viene complementando la declaración de exportación con datos sobre la concesión de origen y la planta de procesamiento;"La Asociación Automotriz del Perú (AAP) denunció el grave impacto de los bloqueos de carreteras impulsados por grupos ligados a la minería ilegal en regiones clave como Arequipa, Ica, Cusco y La Libertad. Estas acciones han paralizado siete tramos estratégicos de la Red Vial Nacional, incluyendo zonas críticas como Ocoña (Arequipa), Nasca (Ica) y Chumbivilcas (Cusco), afectando el transporte de carga, insumos esenciales y servicios de emergencia.

Las pérdidas superan los S/ 20 millones diarios, según la Cámara Internacional de Transporte, con graves consecuencias para productores, transportistas y ciudadanos que ven interrumpido su derecho a la libre circulación. La AAP exigió al gobierno de Dina Boluarte tomar medidas urgentes para restablecer el orden y garantizar la seguridad en las vías, advirtiendo que la inacción agrava la crisis logística y pone en riesgo vidas humanas.

En paralelo, el Ministerio de Energía y Minas reveló que la minería ilegal representa el 1.5% del PBI, y anunció esfuerzos para fortalecer la trazabilidad del mineral exportado, exigiendo mayores controles en su origen y procesamiento. La situación expone la urgencia de políticas integrales que combatan esta actividad ilícita sin sacrificar la economía legal y el bienestar social."
Melissa rodríguez enciso actualizado a escucha la noticia escucha esta noticia para estar siempre informado entendido probar ahora lee el resumen y entérate de lo más importante en segundos entendido probar ahora resumen de la noticia por ia el congreso está creando puestos para políticos en las cajas municipales advierte ricardo vega llona expresidente de confiep resumen generado por inteligencia artificial la ia puede cometer errores u omisiones encontraste un error registrarme el congreso aprobó recientemente un proyecto de ley que busca modificar la forma en la que se conforman los directorios de las cajas municipales la propuesta ha sido observada por la superintendencia de banca seguros y afp sbs que ha alertado sobre los riesgos para la autonomía la gobernanza y la salud financiera del sistema ricardo vega llona expresidente de la confiep ha sido una de las voces críticas del sector empresarial en esta entrevista explica por qué considera que se trata de una iniciativa peligrosa y cuál debería ser el rol del ejecutivo los gremios y la academia ante esta amenaza cuál es su opinión general sobre el proyecto de ley aprobado por el congreso que modifica la conformación de los directorios de las cajas municipales es una barbaridad las cajas municipales son entes privados de origen municipal qué tiene que ver el poder político con su gobierno el parlamento no ha sido elegido para intervenir en estas entidades están creando puestos con honorarios para ellos mismos y lo más preocupante es que este tema no ha tenido la reacción pública que debería guardando las proporciones esto me recuerda a lo que quiso hacer el primer gobierno de alan garcía en con la estatización de la banca si buscamos un sistema financiero más competitivo y con mayor acceso al crédito lo último que deberíamos hacer es politizar las cajas que han sido exitosas recíbelo foto andina el proyecto permite que excongresistas y exfuncionarios públicos integren los directorios qué riesgos implica esta medida podría abrir la puerta a intereses políticos en lugar de técnicos totalmente imagínese que un partido político nombra a un director esa persona no irá como profesional independiente sino como vocero de una ideología las cajas no tienen ideología su función es prestar a las pequeñas y medianas empresas que son el motor de la economía en el perú si algo ha hecho bien este mecanismo es democratizar el acceso al crédito no hay razón para infiltrarlo políticamente por qué considera que este proyecto puede poner en riesgo la autonomía y la salud financiera de las cajas municipales por la injerencia política la experiencia demuestra que cuando los directores son nombrados con criterios políticos responden a consignas y no al bienestar de la institución las cajas deben operar con criterios técnicos no veo qué valor puede aportar un parlamentario o exfuncionario público a ese tipo de gestión uno de los cambios que más polémica ha generado es que los representantes de las mype ya no sean elegidos con supervisión de la sbs sino designados por conaco cuál es el peligro de esto qué implicancias tiene en términos de representatividad y transparencia me pregunto seriamente qué representatividad tiene conaco quién los ha elegido para representar a las mypes es una entidad sin peso real tienen un edificio en la avenida abancay pero eso no les da legitimidad por qué se le va a quitar a los microempresarios el derecho de elegir a sus propios representantes con supervisión técnica es increíble la municipalidad de trujillo ha advertido que estas medidas politizan las cajas que si bien son municipales tienen gobierno privado comparte esa preocupación totalmente las cajas aunque sean de origen municipal tienen que gestionarse como empresas privadas con fines financieros no políticos meter a políticos en su gobierno rompe ese equilibrio cajas municipales foto referencia archivo el comercio qué implicancias tiene este proyecto en términos de buen gobierno corporativo podría una reforma como esta afectar la confianza del público y la estabilidad del sistema de cajas municipales por supuesto si realmente se quiere fortalecer a las cajas hay que reforzar sus estructuras técnicas no debilitarlas con decisiones políticas hay principios básicos de gobierno corporativo que deben respetarse en cualquier entidad financiera esta reforma los ignora el resultado será pérdida de confianza incertidumbre y eventualmente problemas de solvencia usted ha mencionado en redes que este proyecto atenta contra la institucionalidad de las cajas por qué considera que se está vulnerando porque los directores dejarían de ser nombrados por los municipios o por los usuarios de los créditos y pasarían a ser designados por el poder político la institucionalidad significa respetar los procesos las reglas la independencia de los órganos de gestión el poder político tiene su lugar en el estado no en el gobierno de entidades financieras qué camino deberían tomar el ejecutivo y el congreso ahora que la sbs ha observado esta norma es posible corregirla o debería retirarse del todo debería retirarse un proyecto que nace mal termina mal si el objetivo es potenciar el mercado financiero e incluir a más pequeños empresarios en la economía formal entonces trabajemos con expertos en la materia con técnicos financieros para elaborar una propuesta seria que fortalezca a las cajas no para debilitarlas me preocupa mucho el silencio de la academia y de los líderes empresariales sobre este tema es como si estuviéramos dormidos a veces comentamos estos asuntos a voz baja pero no es suficiente el liderazgo tiene que actuar no se trata solo del sector privado la academia también tiene un rol fundamental que cumplir;"Un reciente proyecto de ley aprobado en el Congreso pretende modificar la conformación de los directorios de las cajas municipales, abriendo la puerta a excongresistas y exfuncionarios públicos. Ricardo Vega Llona, expresidente de la Confiep, no duda en calificar la iniciativa como ""una barbaridad"" que pone en riesgo la salud financiera de estas entidades.

Las críticas apuntan directamente al intento de politizar instituciones que históricamente han operado con criterios técnicos. ""Las cajas municipales son entes privados de origen municipal. ¿Qué tiene que ver el poder político con su gobierno?"", cuestiona Vega Llona, quien advierte que esta medida recuerda a los intentos de estatización bancaria de los años 80.

El proyecto elimina además la supervisión de la SBS en la elección de representantes de las mypes, transfiriendo esta facultad a Conaco, una entidad cuya representatividad es puesta en duda. ""¿Quién eligió a Conaco para hablar por las mypes? Esto es quitarles a los pequeños empresarios el derecho de elegir a sus representantes"", señala el experto.

La Superintendencia de Banca ya observó la norma, alertando sobre los riesgos para la autonomía y gobernanza de las cajas. Mientras tanto, Vega Llona hace un llamado urgente al Ejecutivo y a los gremios empresariales para frenar lo que considera un atentado contra la institucionalidad financiera: ""Si queremos fortalecer las cajas, necesitamos más técnica, no más política""."
Clorinda flores actualizado el a el presidente de petroperú alejandro narváez dijo que la empresa mejora sus resultados pero fue inevitable informar que al cierre del primer trimestre de este año tuvo resultados negativos así en conferencia de prensa señaló que en ese período la empresa tuvo pérdidas por millones con relación a igual período del explicó que en el primer trimestre tuvo resultados mixtos en enero tuvo pérdidas por millones en febrero registró una leve utilidad de millones pero en marzo fue negativo por la caída global de los precios del petróleo marzo nos ha golpeado duramente todas las empresas petroleras han sido afectadas comentó pese a todo negó que la empresa esté pidiendo un nuevo salvataje encubierto tal como lo informó el exministro de economía luis miguel castilla precio narváez manifestó que la necesidad de importar mil barriles diarios de combustibles genera salida de divisas e impacta en la economía de la empresa en ese sentido cabe recordar que el precio del petróleo en el mercado mundial está a la baja tanto que ayer se cotizó en el barril sin embargo ese menor precio debería reflejarse en el precio al consumidor final narváez consultado al respecto refirió que petroperú se ciñe a la banda de precios que publica osinergming aunque dijo que las tarifas de los combustibles de la red de grifos de la empresa son menores a la competencia refinería narváez dijo también que el margen ganancia de refinación de tiene en la actualidad la nueva refinería de talara es de mientras que en la antigua planta tuvo entre y es decir con la antigua refinería la empresa tenía más ganancias que con la actual pese a ser moderna y amplia pese a ello afirmó que fue una acertada decisión invertir en la nueva refinería copiar enlace;La **Asociación Automotriz del Perú (AAP)** denunció el grave impacto de los bloqueos de carreteras impulsados por grupos ligados a la **minería ilegal** en regiones clave como Arequipa, Ica, Cusco y La Libertad. Estas acciones han paralizado siete tramos estratégicos de la Red Vial Nacional, incluyendo zonas críticas como Ocoña (Arequipa), Nasca (Ica) y Chumbivilcas (Cusco), afectando el transporte de carga, insumos esenciales y servicios de emergencia.  
Redacción diario correo actualizado el con votos a favor seis en contra y cinco abstenciones la comisión permanente del congreso aprobó en primera votación el texto sustitutorio del dictamen que modifica el marco legal de la ley del sistema privado de administración de fondos de pensiones la propuesta apunta a ampliar los límites de inversión de las afp en particular en instrumentos financieros del exterior durante la sesión el congresista ilich lópez presidente de la comisión de economía explicó que la iniciativa busca facilitar a los afiliados la elección de su fondo de capitalización en cualquier afp así como permitir aportes desde el extranjero sin restricciones lópez recordó que desde el límite de inversión en el extranjero ha sido objeto de ajustes en se elevó del al y posteriormente se alineó al límite operativo definido por el banco central de reserva el texto aprobado modifica el literal d del artículo d del reglamento de las afp estableciendo que las inversiones en entidades con actividad económica mayoritariamente en el extranjero no deben superar el del valor del fondo copiar enlace;La Comisión Permanente del Congreso aprobó en primera votación, con 6 votos a favor, 6 en contra y 5 abstenciones, el texto sustitutorio que modifica la ley del Sistema Privado de Pensiones (SPP), el cual busca ampliar los límites de inversión de las AFP en instrumentos financieros del exterior, permitiendo que las inversiones en entidades con actividad económica mayoritaria fuera del Perú no superen el 50% del valor del fondo. La propuesta, impulsada por el congresista Ilich López, presidente de la Comisión de Economía, también facilita la portabilidad de fondos entre administradoras y elimina restricciones para que peruanos en el extranjero realicen aportes a sus pensiones. López recordó que el límite de inversión en el extranjero ya había sido ajustado previamente, pasando del 30% al 50% en 2017, y que esta reforma busca alinear las normas con los criterios del Banco Central de Reserva. El proyecto, que aún requiere segunda votación, genera debate entre quienes ven oportunidades de diversificación y quienes advierten riesgos por exposición a mercados volátiles.
Clorinda flores actualizado el el cobre es un metal cuya demanda crece para la reconversión energética y en la actualidad su precio es muy atractivo está bordeando los la libra así el cobre se ha convertido desde hace más de cinco años en el metal estrella después del oro de la industria minera formal pero el metal rojo también atrae a los ilegales según advierte stephani maita economista senior del instituto peruano de economía ipe la minería ilegal de cobre un problema aún poco visibilizado frente a la del oro crece de forma acelerada y silenciosa especialmente en el corredor minero del sur del país que abarca las regiones de arequipa cusco y apurímac precisó en diálogo con el instituto de ingenieros de minas del perú iimp dijo que especialistas del sector han alertado que la escala operativa de esa actividad ilícita supera con creces lo que correspondería a la pequeña minería o minería artesanal maita refirió que el auge se debe también a la creciente presencia de plantas de procesamiento no fiscalizadas tanto en número como en la capacidad operativa especialmente en regiones como arequipa e ica gobierno por su parte el titular del ministerio de energía y minas minen jorge montero señaló que en los próximos días se emitirá una resolución ministerial que lo habilitará como intermediario en el proceso de diálogo y negociación entre los titulares de las concesiones y los empresarios de la pequeña minería y minería artesanal hemos decidido intervenir como ejecutivo y no solo tendremos el decreto supremo con las condiciones de la prórroga sino también una resolución ministerial que nos habilitará como intermediarios en el proceso de diálogo y negociación entre titulares de concesiones y empresarios dijo a rcr perú red de comunicación regional copiar enlace;Las pérdidas superan **los S/ 20 millones diarios**, según la Cámara Internacional de Transporte, con graves consecuencias para productores, transportistas y ciudadanos que ven interrumpido su derecho a la libre circulación. La AAP exigió al **gobierno de Dina Boluarte** tomar medidas urgentes para restablecer el orden y garantizar la seguridad en las vías, advirtiendo que la inacción agrava la crisis logística y pone en riesgo vidas humanas.  
Redacción diario correo actualizado el la federación peruana de cajas municipales de ahorro y crédito fepcmac se pronunció en rechazo enérgico a los proyectos de ley y del congreso que buscan incorporar a excongresistas en los directorios de estas entidades jorge solís presidente de dicha federación ofreció una conferencia de prensa en la que advirtió que estas iniciativas del congreso representan un riesgo directo a la autonomía financiera y un intenro de politizar una gestión que ha sido clave para la inclusión financiera del país recordó que las cajas municipales mantienen una sólida solvencia y reconocimiento internacional y que la injerencia política podría debilitar su institucionalidad solis criticó la falta de consulta técnica a la superintendencia de banca y seguros sbs y al banco central de reserva bcrp y la intempestiva aprobación de estas propuestas que ponen en riesgo la confianza del público y la estabilidad de una red que administra recursos de millones de peruanos ante ello la fepcmac pidió al congreso archivar estos proyectos ya que las modificaciones al sistema financiero deben basarse en evidencia análisis técnico y diálogo y no en intereses partidistas envivo federación de cajas de ahorro rechazó los proyectos de ley y que permitirían incluir a excongresistas en los directorios de las cajas municipales al considerar que ello politiza su gestión financiera encuentra más información en la web pic twitter comurkz yeevj canal canaln july te puede interesar congreso josé cevasco denuncia falta de transparencia en gasto de millones para bicameralidad chorrillos roca cae y destruye una vivienda familia se queda sin hogar lima tendrá brillo solar del al de julio según senamhi villa el salvador detienen a hombre por pornografía infantil tras una alerta de google patricia benavides abogado de delia espinoza advierte irregularidad en la sesión de la jnj susana villarán caso no debe debilitarse a pesar del deceso de josé miguel castro copiar enlace;"La Federación Peruana de Cajas Municipales de Ahorro y Crédito (Fepcmac) expresó su firme rechazo a los proyectos de ley 3030 y 3181, impulsados por el Congreso, que pretenden incorporar a excongresistas en los directorios de estas entidades financieras.

Durante una conferencia de prensa, Jorge Solís, presidente de la Fepcmac, advirtió que estas iniciativas representan un grave riesgo para la autonomía financiera y un intento de politizar una gestión reconocida por su solvencia y aporte a la inclusión financiera.

""Las cajas municipales tienen una trayectoria sólida y reconocimiento internacional. Permitir la injerencia política en su administración debilitaría su institucionalidad y la confianza de millones de peruanos que depositan sus ahorros en ellas"", señaló Solís.

El dirigente criticó la falta de consulta técnica a la Superintendencia de Banca y Seguros (SBS) y al Banco Central de Reserva (BCRP), así como la aprobación intempestiva de estos proyectos, que podrían afectar la estabilidad del sistema financiero.

""Las modificaciones al sistema financiero deben basarse en evidencia, análisis técnico y diálogo, no en intereses partidistas"", subrayó, exigiendo al Congreso archivar ambas propuestas.

La Fepcmac recordó que las cajas municipales administran los recursos de millones de peruanos, por lo que su gestión debe mantenerse técnica y libre de influencias políticas."
Agencia afp actualizado a escucha la noticia escucha esta noticia para estar siempre informado entendido probar ahora lee el resumen y entérate de lo más importante en segundos entendido probar ahora resumen de la noticia por ia el cobre un metal estratégico bajo la amenaza de los aranceles qué impacto tendría la medida de trump resumen generado por inteligencia artificial la ia puede cometer errores u omisiones encontraste un error registrarme donald trump amenazó con imponer aranceles del a las importaciones de cobre una declaración que agitó los mercados del metal rojo cuyos precios se dispararon en estados unidos y bajaron en londres estas son las implicaciones que tendría la medida sobre ese metal crucial para la transición energética recíbelo un metal estratégico la demanda de cobre un metal utilizado en el cableado de paneles solares turbinas de los aerogeneradores y baterías de vehículos eléctricos se ha disparado en los últimos años más allá de su tradicional uso en la construcción con la electrificación de los transportes el crecimiento de la inteligencia artificial ia y de los centros de datos estados unidos como china y otras grandes economías está confrontado a una demanda de electricidad en fuerte aumento indicó ole hansen de saxo bank en entrevista con la agencia afp el cobre un metal estratégico para la industria manufacturera y para la producción de material también lo es para la producción de armas de guerra apuntó por su parte jason schenker analista en prestige economics a afp según la agencia internacional de la energía aie el consumo mundial de cobre pasará de millones de toneladas en a casi millones de toneladas para lo que supone un alza del donald trump amenazó con imponer aranceles del a las importaciones de cobre kirill kudryavtsev la apuesta de trump abocada al fracaso a principios de los años estados unidos prácticamente no dependía de las importaciones del cobre según la casa blanca esto cambió con el tiempo lo cual aumentó los riesgos para la seguridad de la cadena de abastecimiento dijo la presidencia en febrero china rival económico de estados unidos es el primer productor de cobre refinado distinto del mineral de cobre pero como washington es un importador neto del metal rojo lo cual limita su influencia en el mercado por ello ole hansen consideró que la aplicación de aranceles al no tiene sentido y que perjudicaría sobre todo a estados unidos o a sus proveedores principales chile canadá o perú que son además naciones amigas y más teniendo en cuenta que la capacidad de washington de aumentar su producción dista de ser suficiente lo que podría empujar al presidente donald trump a moderar sus anuncios según el analista de saxo bank de momento el gobierno de chile país que es el principal productor de cobre del mundo con casi un de la oferta global afirmó que reacciona con cautela a los anuncios de trump y señaló que aguarda una comunicación oficial al respecto donald trump amenazó con imponer aranceles del a las importaciones de cobre foto afp kirill kudryavtsev una amenaza reiterada ya en marzo donald trump prometió que impondría aranceles a ese metal como hizo con el aluminio o el acero sin esperar a los resultados de una investigación iniciada en febrero sobre la dependencia de washington a las importaciones de cobre el anuncio del mandatario hizo que los precios del cobre refinado subiera en los últimos meses pues los compradores estadounidenses optaron por hacer acopio con la medida trump espera favorecer y aumentar la producción estadounidense del cobre que en la actualidad no cubre ni la mitad de las necesidades de ese metal en estados unidos récord de precios en nueva york pero bajada en londres según analistas de ing si bien la amenaza expresada el martes por trump no supone ninguna sorpresa para el mercado del cobre éste anticipaba un arancel del y no del tras la declaración del republicano el cobre repuntó cerca de un en el comex plaza de transacciones de nueva york y alcanzó dólares la libra un récord en cambio el metal industrial retrocedió levemente en la bolsa de metales de londres lme pues fuera de estados unidos la amenaza de nuevos aranceles se percibe como un factor de bajada de precios a largo plazo varios analistas consideraron que un arancel de esa magnitud podría frenar la demanda estadounidense al encarecerse los costes de aprovisionamiento lo que haría que los precios mundiales bajen precio del cobre foto reuters nguyen huy kham;En paralelo, el Ministerio de Energía y Minas reveló que la **minería ilegal representa el 1.5% del PBI**, y anunció esfuerzos para fortalecer la trazabilidad del mineral exportado, exigiendo mayores controles en su origen y procesamiento. La situación expone la urgencia de políticas integrales que combatan esta actividad ilícita sin sacrificar la economía legal y el bienestar social.
Guadalupe gamboa luego de dos décadas en pausa la primera fase del megaproyecto obras de cabecera y conducción sería adjudicada a fines de este con una inversión estimada de us millones informó la agencia de promoción de la inversión privada proinversión este proyecto planteado desde el como una solución para la falta de abastecimiento de agua potable de más de un millón de limeños inicia este mes su convocatoria y se proyecta que entre diciembre del y enero del se logre la adjudicación si los plazos se cumplen el contrato se firmará a mediados del próximo año y la construcción estaría lista luego de dos años precisó jorge sulem chu jon director de proyectos de proinversión podríamos estar iniciando las obras en el segundo trimestre del y las primeras obras estarían listas años después o sea a mediados del con esta primera fase se va a potabilizar el agua que actualmente viene del río rímac y se va a abastecer a zonas donde actualmente no tienen servicio o tienen el servicio restringido por horas comentó a gestión los detalles del proyecto obras de cabecera esta primera etapa explicaron consistirá en el diseño construcción operación y mantenimiento de nuevas obras para el tratamiento conducción abastecimiento y entrega de hasta metros cúbicos por segundo de agua potable a sedapal para su posterior distribución estos proyectos contemplan al ramal sur como su fuente principal de agua por lo que los beneficiarios de estas obras serán principalmente de la zona sur de lima incluyendo distritos como ate santa anita la molina cieneguilla y pachacámac esto contribuiría a la reducción de la brecha de agua y saneamiento a futuro que a nivel nacional afecta a millones de personas que no acceden a estos servicios comentó christian barrantes viceministro de construcción y saneamiento del ministerio de vivienda construcción y saneamiento mvcs en la capital estamos hablando de aproximadamente un a de la población que todavía no cuenta con servicios o que no tiene un servicio permanente durante las horas lima ha crecido mucho por un crecimiento no ordenado que ha tenido la ciudad lo que nos genera una gran dificultad para hacer proyectos de agua y saneamiento sostuvo por ahora al finalizar el gobierno actual barrantes estimó que se esperaría reducir la brecha de agua y saneamiento entre uno y dos puntos porcentuales a nivel nacional el proyecto de obras de cabecera en lima data del pero este año recién se lograría su adjudicación informaron proinversión y el mvcs lea también desafío en el solo de cada hogares en sierra y selva tiene agua potable por qué el proyecto llevaba dos décadas sin avances como se recuerda la obra llevaba alrededor de años de sucesivas prórrogas recién se lanzó una convocatoria en febrero del y recientemente en los últimos dos años el gobierno decidió reevaluar el proyecto para relanzarlo en dos fases estos retrasos estuvieron relacionados a una indefinición del sector y problemas con las decisiones de no continuidad de las políticas indicaron los especialistas ha habido varias idas y vueltas básicamente ha sido un tema de indefinición del sector y de sedapal en su momento que ya se ha solucionado sedapal y el mvcs se han puesto de acuerdo en esta planificación de todos los proyectos tanto de fuente como de tratamiento señaló sulem chu jon para evitar mayores riesgos que genera nuevos retrasos en el proyecto el representante de proinversión indicó que ya se viene trabajando en paralelo con el ministerio en por ejemplo la adquisición de predios además uno de los cambios clave en la estructuración de la propuesta fue la adopción de un modelo de pago por disponibilidad lo que significa que el inversionista asume el riesgo de financiamiento y construcción recibiendo pagos una vez que la infraestructura esté prestando el servicio e riesgo es del privado eso lo hace muy interesante para nosotros y atractivo también para el mercado financiero que efectivamente valora que esos temas puedan ser asumidos por un inversionista fuerte que pueda realizar este tipo de obras de gran tamaño explicó esto podría impactar en las tarifas de agua que pagan los usuarios en la capital el viceministro barrantes asegura que la estructura tarifaria que fija la superintendencia nacional de servicios y saneamiento sunass cada cuatro a cinco años no debería verse impactada de forma significativa cuando se incorpore el servicio se harían ajustes este tipo de proyectos incrementa también la cantidad de usuarios por lo tanto las tarifas no deberían de verse afectadas significativamente refirió y la fase del proyecto obras de cabecera el megaproyecto no acaba aquí la fase contempla construcciones y mejoras en las represas pomacocha y huallacocha bajo y un túnel trasandino en junín para reforzar las fuentes que permitan llevar más agua a tratar por parte de sedapal según sulem sedapal deberá resolver temas de predios y priorizar otros proyectos antes de activar esta etapa la cual aún no tiene una fecha definida todavía el mvcs no ha tomado la decisión sobre si lo reactivamos inmediatamente o dentro de algunos años hay otros proyectos de cabecera que estarían priorizando antes de esta fase dos dependerá de la planificación estratégica que tengan el ministerio y sedapal indicó por el momento añadió se estima que podría pasar un plazo de entre a años después de la convocatoria de la fase uno para recién iniciar con la segunda etapa sobre el autor guadalupe gamboa licenciada en ciencias de la comunicación por con experiencia en radio tv redes sociales y medios impresos escribo y hablo sobre economía y finanzas desde el te puede interesar otass recibirá millones para mejora de los servicios de agua potable y saneamiento ejecución de proyectos reducirán brecha en infraestructura de agua potable en el país al agua potable y saneamiento vía app los proyectos en lista;"Después de dos décadas de postergaciones, el proyecto Obras de Cabecera y Conducción - que busca llevar agua potable a más de un millón de limeños - entraría finalmente en su fase de ejecución. ProInversión anunció que la primera etapa, valorizada en US$ 500 millones, se adjudicaría entre diciembre 2024 y enero 2025, con obras comenzando en 2026 y culminando hacia mediados de 2028.

Este megaproyecto, estancado desde su concepción en 2004, solucionaría el déficit hídrico en distritos del sur de Lima como Ate, Santa Anita, La Molina, Cieneguilla y Pachacámac. La primera fase incluirá nuevas plantas de tratamiento y sistemas de conducción para potabilizar las aguas del río Rímac, entregando hasta 5 m³/s adicionales a Sedapal.

Los constantes retrasos se debieron a cambios de gobierno, falta de coordinación entre instituciones y revisiones técnicas. ""Hubo idas y vueltas por indefiniciones del sector"", reconoció Jorge Sulem de ProInversión. Para evitar nuevos contratiempos, se implementó un esquema de pago por disponibilidad, donde el privado financia y construye la infraestructura, recibiendo pagos recién cuando entre en operación.

Mientras tanto, la segunda fase - que contempla represas en Junín y un túnel trasandino - permanece en evaluación, sin fecha definida para su ejecución. Las autoridades estiman que su implementación podría demorar entre 5 a 7 años adicionales, dependiendo de la priorización de otros proyectos hídricos en cartera.

New chat"
Redacción diario correo actualizado el mediante el acuerdo de directorio fonafe tabata dulce vivanco del castillo fue designada como presidenta del directorio de córpac sa sucediendo a josé luis barrios la decisión se tomó durante la sesión no presencial de fonafe realizada el de marzo de mira mincetur evalúa medidas tras imposición de ee uu de de aranceles a exportaciones peruanas la propuesta presentada por llega apenas dos semanas después de que vivanco asumiera el puesto de directora general de programas y proyectos de transportes el pasado de marzo su designación refuerza la estrategia del mtc para fortalecer la gestión en empresas estatales vinculadas al sector transporte trayectoria tabata vivanco cuenta con dos décadas de experiencia en la administración pública ocupando posiciones clave en diversas instituciones ministerios fue secretaria general en los ministerios de energía y minas producción y mujer y poblaciones vulnerables también se acompaña como jefa de gabinete de asesores en el ministerio de agricultura y riego directorios y comités integró los directorios de activos mineros y distriluz además de participar en comités técnicos de proinversión enfocados en proyectos de infraestructura docencia ha impartido cursos sobre derecho regulación y finanzas en esan la universidad nacional mayor de san marcos y la universidad san martín de porres te puede interesar nadine heredia niega que haya sido la luz verde de humala negó aportes de venezuela y brasil el gobierno evalúa cuestión de confianza gobierno de dina boluarte suspende propuesta de franja informativa exministro willy huerta raúl alfaro fue sacado de la pnp por mentiroso lo han botado raúl alfaro pedro castillo me dijo cierra el congreso saque a todos los que están adentro copiar enlace;Tabata Dulce Vivanco del Castillo fue nombrada presidenta del directorio de Córpac SA por FONAFE, reemplazando a José Luis Barrios. Con 20 años de experiencia en el sector público, su designación refuerza la estrategia del MTC para mejorar la gestión de empresas estatales de transporte.
Agencia afp actualizado a escucha la noticia escucha esta noticia para estar siempre informado entendido probar ahora lee el resumen y entérate de lo más importante en segundos entendido probar ahora resumen de la noticia por ia donald resumen generado por inteligencia artificial la ia puede cometer errores u omisiones encontraste un error registrarme donald trump presidente de estados unidos sostuvo que no está considerando retrasar su fecha límite del de julio para reanudar los aranceles más altos informó bloomberg línea además lanzó una advertencia de cortar las conversaciones e imponer aranceles a varios países incluido japón recíbelo no no estoy pensando en la pausa escribiré cartas a muchos países precisó trump este martes cuando fue consultado sobre si ampliará el periodo de negociaciones con los socios comerciales lee también déficit comercial de ee uu se agudiza en mayo avivado por los aranceles de donald trump el citado medio también señaló que las acciones estadounidense retrocedieron tras los comentarios de trump los inversores vigilan de cerca cómo decide el presidente gestionar la actual pausa en sus aranceles del de abril que dejó en suspenso durante días para dar tiempo a las conversaciones no estoy seguro de que lleguemos a un acuerdo lo dudo con japón son muy duros hay que entender que son muy consentidos apuntó el mandatario más información la bolsa española por otro lado donald trump se mostró más optimista sobre la posibilidad de alcanzar un acuerdo con india cuando se le preguntó sobre las perspectivas de un acuerdo durante la próxima semana va a ser un acuerdo en el que seamos capaces de entrar y competir ahora mismo india no acepta a nadie creo que india va a hacerlo y si lo hace tendremos un acuerdo con muchos menos aranceles afirmó;Donald Trump descartó extender el plazo del 1 de julio para reanudar aranceles elevados y amenazó con imponerlos a Japón y otros países. Aunque mostró optimismo con India, advirtió que las negociaciones son complejas. Sus declaraciones generaron volatilidad en los mercados.
Redacción diario correo actualizado el los trabajadores formales podrán acceder a la totalidad de sus fondos de del según lo establece la ley promulgada por el ejecutivo y publicada en el diario oficial el peruano esta medida busca brindar mayor liquidez a los ciudadanos en un contexto económico desafiante la norma que lleva las firmas de la presidenta dina boluarte y del presidente del consejo de ministros gustavo adrianzén modifica el decreto legislativo en su única disposición complementaria transitoria precisa que se autoriza por única vez a los trabajadores a retirar el de los depósitos cts acumulados en las entidades financieras asimismo se introdujeron cambios en el artículo del decreto legislativo para permitir retiros parciales de hasta el de los fondos acumulados siempre que no se supere ese porcentaje también se contempla la posibilidad de un retiro total en cualquier momento si el trabajador es diagnosticado con una enfermedad terminal o cáncer previa acreditación ante el empleador copiar enlace;El gobierno autorizó el retiro del 100% de los fondos de CTS a trabajadores formales para brindar liquidez en la crisis. La norma permite retiros parciales (hasta 50%) o totales en casos de enfermedades terminales, previa acreditación.
Redacción ec actualizado a el instituto de ingenieros de minas del perú iimp informó que la décimo quinta edición del congreso internacional de prospectores y exploradores proexplo se realizará del al de mayo de en lima para esta nueva edición el presidente del evento será el ingeniero geólogo adán pino quien actualmente se desempeña en el cargo de gerente de exploraciones en perú y ecuador para barrick mining corp recíbelo puedes ver sbs ciudadanía puede solicitar gratis reporte de soat y de seguro vehícular junto a la nueva comisión organizadora y al equipo del iimp nos encontramos trabajando con el mismo nivel de compromiso para hacer de proexplo un evento de alto nivel al igual que sus versiones anteriores indicó el titular del certamen minero el principal objetivo del evento es impulsar el desarrollo de nuevos proyectos de exploración que contribuya al descubrimiento de nuevos recursos minerales lo que es fundamental para asegurar la sostenibilidad de la minería a largo plazo más información ministro de economía descarta nueva ayuda financiera a petro perú trabajamos en una solución más estructurada sigamos trabajando para que la minería peruana siga creciendo y generando valor social bienestar y desarrollo para todos los peruanos queremos que proexplo contribuya a la puesta en valor del enorme potencial geológico que tiene el perú concluyó pino organizado por el iimp proexplo reúne a líderes del sector minero geólogos inversionistas representantes del estado y académicos de diversas partes del mundo;"	El IIMP organizará ProEXPLO 2025 (del 12 al 14 de mayo en Lima), el principal congreso minero de exploración. Bajo el liderazgo de Adán Pino (Barrick), buscará impulsar nuevos proyectos para sostener la minería a largo plazo."
Melissa rodríguez enciso actualizado a escucha la noticia escucha esta noticia para estar siempre informado entendido probar ahora lee el resumen y entérate de lo más importante en segundos entendido probar ahora resumen de la noticia por ia green day bad bunny y más ticketmaster apuesta por transformar la experiencia de ir a un concierto cómo lo hará resumen generado por inteligencia artificial la ia puede cometer errores u omisiones encontraste un error registrarme a poco más de dos años de haber iniciado operaciones en el país ticketmaster perú asegura estar cumpliendo su hoja de ruta tenemos dos años y dos meses el crecimiento ha sido paulatino escalón por escalón y hemos concretado nuestra estrategia con clientes clave señala luis hippie gonzález el despegue vino con artistas de alto perfil como marc anthony rubén blades chayanne y en especial bad bunny green day o dua lipa que según gonzález dieron una exposición muy fuerte a la marca actualmente proyectan gestionar entre y eventos al mes cuando antes manejaban entre y estamos afianzándonos todavía tenemos unos meses más por recorrer para competir de tú a tú con los grandes afirma recíbelo el boom de conciertos en perú gonzález coincide en que el se perfila como el año con más conciertos en la historia reciente del país atribuye este crecimiento a una mezcla de factores la reputación gastronómica del perú la mejora en infraestructura hotelera el reposicionamiento cultural del país y la consolidación de sudamérica como circuito rentable para artistas internacionales perú es un hub ya no solo están argentina y brasil ahora también están chile colombia y perú en el radar de las giras sostiene en ese contexto también destaca el rol de las provincias chayanne ha ido a arequipa deberían ir también a cusco piura trujillo falta continuidad en regiones pero hay potencial incluso compran entradas desde bolivia y ecuador somos una propuesta regional apunta nuevo perfil del fan peruano después de la pandemia el gerente de ticketmaster subraya que la pandemia marcó un punto de quiebre antes del el crecimiento del ticketing era del o luego de pandemia ha pasado a un a hoy el crecimiento es más agresivo la pandemia nos dejó claro que hay que vivir disfrutar ir con tus hijos al concierto y cantar con ellos lo que te gustaba a ti es una experiencia emocional que la gente no quiere postergar dice para gonzález esta nueva generación valora más la experiencia que el activo hoy un joven prefiere viajar antes que comprar un auto hasta las maestrías están perdiendo prioridad frente a emprender o disfrutar luis hippie gonzález orellana gerente de ticketmaster perú hugo perez la apuesta por experiencia y nuevas tecnologías antes vendíamos entradas hoy vendemos experiencias resume gonzález ticketmaster ha incorporado funciones en su plataforma que permiten a los organizadores integrar experiencias complementarias como fast pass venta anticipada de alimentos y bebidas métodos cashless merchandising online y productos asociados al recuerdo del evento queremos que la experiencia comience desde la compra y se extienda hasta la salida del concierto eso genera fidelidad explica uno de los elementos centrales en esta estrategia es quentro smart ticket la solución de ticketing con código qr dinámico que ticketmaster emplea en sus eventos esta tecnología permite evitar la falsificación y garantiza una experiencia de acceso más segura en paralelo estudian la posibilidad de implementar tecnologías como el reconocimiento facial en partidos de fútbol en brasil y chile ya lo usamos pero en perú estamos trabajando los marcos legales en protección de datos estamos en ese camino afirma planes para regiones y nuevas categorías aunque ticketmaster ya trabaja con promotores que operan en ciudades como arequipa el plan es crecer de forma progresiva me encantaría tener puntos de venta y fan support en cada ciudad pero eso requiere continuidad no quiero que digan en lima hay todo y acá no eso solo se logra con volumen y colaboración local indica en paralelo exploran nuevas categorías queremos entrar a vóley natación rugby tenis de mesa yo soy exseleccionado de natación y me encantaría apoyar más deportes también estamos evaluando ferias gastronómicas hay mucho por hacer asegura el diferencial que quieren consolidar gonzález afirma que ticketmaster apuesta por tres pilares tecnología de punta equipo con experiencia y servicio resalta que su equipo combina más de años de experiencia en ticketing con el empuje de jóvenes que entienden los nuevos códigos culturales somos globales pero locales escuchamos al consumidor al promotor y al fan y eso en este negocio marca la diferencia concluye;Ticketmaster Perú consolida su crecimiento con eventos masivos (Bad Bunny, Green Day) y apuesta por experiencias integrales (tecnología QR, venta de merchandising). Proyectan expandirse a regiones y diversificarse a deportes y ferias gastronómicas.
Martín mejía del carpio escucha la noticia escucha esta noticia para estar siempre informado entendido probar ahora lee el resumen y entérate de lo más importante en segundos entendido probar ahora resumen de la noticia por ia la gestión del riesgo y la preparación constante de las organizaciones resumen generado por inteligencia artificial la ia puede cometer errores u omisiones encontraste un error registrarme en alfredo barragán comandó exitosamente la expedición atlantis cruzando el atlántico y alcanzado las costas americanas en una balsa rudimentaria demostrando que otros navegantes pudieron llegar a américa siguiendo las corrientes marinas le preguntaron si era un aventurero y respondió que no que él era un expedicionario ya que un aventurero sale a la mar a ver qué pasa mientras que el expedicionario sale a la mar sabiendo lo que va a pasar al igual que barragán en nuestras vidas y organizaciones nos enfrentamos a una serie de desafíos con riesgos e incertidumbres que debemos tener en cuenta antes de enfrentarlos siendo muy importante la planificación recíbelo en la actualidad existen varios factores que pueden apartarnos del resultado esperado sea de manera positiva como negativa desde la volatilidad del tipo de cambio nuevas leyes o regulaciones incluso el calentamiento global o un ciberataque riesgo según allianz lo importante es trabajar en la identificación de estos riesgos y aprender a manejarlos esta tarea le compete a toda la organización la cual debe hacer un seguimiento continuo de los determinantes para anticipar los riesgos y también las oportunidades muchas veces cuando planificamos tomamos como referencia la historia el mercado entre otros factores sin embargo mientras más expertos somos tendemos a prepararnos menos lo cual es un grave error que nos puede llevar a subestimar los riesgos que enfrentamos en las organizaciones debemos trabajar profundamente en establecer una cultura de prevención tener una matriz con un mapa de calor indicando la probabilidad e impacto de los riesgos identificados conocer aquello que podría materializar el riesgo y realizar acciones para mitigarlos y así bajar su impacto o probabilidad esta matriz debe ser constantemente revisada y actualizada y así ayudarnos con la sostenibilidad de nuestra organización hace unos meses un amigo me compartió un articulo de santiago bilinkis que hablaba del peligro de los patos negros el cual definía como un fenómeno de ocurrencia probable relativamente cercano profusamente anunciado y para el cual pese a ello nadie se prepara que no se aparezca un pato negro en nuestras organizaciones estemos preparados martín mejía del carpio director general de cálidda;"	Columnista destaca la importancia de gestionar riesgos en las organizaciones mediante planificación y matrices de prevención, citando el caso de la expedición Atlantis. Advierte sobre subestimar amenazas (""patos negros"") en entornos volátiles."
Redacción ec actualizado a las expectativas de inflación a meses de los analistas económicos y del sistema financiero se situaron en en junio manteniéndose dentro del rango meta de inflación por año y medio señaló el banco central de reserva bcr cabe recordar que las expectativas inflacionarias volvieron al rango en diciembre del recíbelo asimismo en junio todos los agentes económicos mantuvieron sus proyecciones de inflacióndentro el rango meta para y según el bcr analistas económicos junto con las entidades no financieras disminuyeron su proyección de a entre mayo y junio mientras que el sistema financiero la aumentó de a entre ambos meses para el próximo año las previsiones de inflación fluctúan entre y todas dentro del rango meta inflacionario mientras que para el entre el y esta evolución de las expectativas inflacionarias es clave para la toma de decisiones en política monetaria y para el entorno económico en general ya que influye en la confianza de los inversionistas las tasas de interés y el poder adquisitivo de los consumidores;El BCR reporta que las expectativas de inflación a 12 meses se mantienen en 2.5% (rango meta) desde diciembre 2023. Todos los agentes económicos proyectan inflación controlada para 2024-2026, clave para la política monetaria.
Redacción diario correo actualizado el más de jóvenes voluntarios de regiones del país se encargarán de orientar a los visitantes de la feria y brindar soporte a las empresas participantes en la convención minera perumin el cual arequipa del al de setiembre la presidente del programa líderes estudiantiles diana rake resaltó la oportunidad de que los jóvenes puedan conectar con las empresas de la industria minera y potenciar sus habilidades comunicacionales y de conexión agregó que para el programa de líderes estudiantiles los estudiantes fueron seleccionados por sus propias universidades e instituciones educativas y el pertenece a carreras relacionadas con el sector minero el programa busca fortalecer la formación de jóvenes como futuros líderes de la minería en el perú conocer de primera mano los desafíos y oportunidades de la industria en el sector diana rake indicó el de estudiantes son mujeres y todos cuentan con una experiencia previa en programas de liderazgo estudiantil y voluntariado así como el dominio de inglés asimismo los jóvenes recibirán capacitaciones en habilidades blandas atención al cliente y primeros auxilios te puede interesar ipe precio del oro seguirá al alza por tensiones en medio oriente mientras el cobre registra mínima afectación gobierno de dina boluarte pide un préstamo de millones de dólares a caf gratificación por fiestas patrias cómo calcularla cuándo corresponde y qué pasa si renuncias carlos adrianzén cabrera economista y catedrático estamos en caída libre en calidad institucional ministerio de economía y finanzas emitirá bonos para tomar deudas por millones copiar enlace;"	250 jóvenes voluntarios de todo el país apoyarán en PERUMIN 38 (Arequipa, setiembre). Seleccionados por sus universidades, recibirán capacitación en liderazgo y atención al cliente para conectar con la industria minera."
